{"text": " IMPOSSIBLE!", "segments": [{"id": 0, "seek": 0, "start": 0.0, "end": 2.0, "text": " IMPOSSIBLE!", "tokens": [50364, 286, 12224, 4367, 20262, 4854, 0, 50464], "temperature": 0.0, "avg_logprob": -0.6474373075697157, "compression_ratio": 0.5789473684210527, "no_speech_prob": 0.22188657522201538}], "language": "pt"}